{
  "project_info": {
    "project_number": "665175718959",
    "firebase_url": "https://food-to-order-mobile-app.firebaseio.com",
    "project_id": "food-to-order-mobile-app",
    "storage_bucket": "food-to-order-mobile-app.appspot.com"
  },
  "client": [
    {
      "client_info": {
        "mobilesdk_app_id": "1:665175718959:android:eb1bff5f47529ff7",
        "android_client_info": {
          "package_name": "com.foodtoorder.mobileapp"
        }
      },
      "oauth_client": [
        {
          "client_id": "665175718959-ghk874imrs2gjtmjnaghj85hatvjcfu6.apps.googleusercontent.com",
          "client_type": 3
        }
      ],
      "api_key": [
        {
          "current_key": "AIzaSyCCsK0LYTr1xGu7nVDZJc6WPmOsznBenaM"
        }
      ],
      "services": {
        "analytics_service": {
          "status": 1
        },
        "appinvite_service": {
          "status": 1,
          "other_platform_oauth_client": []
        },
        "ads_service": {
          "status": 2
        }
      }
    }
  ],
  "configuration_version": "1"
}